{
  "hash": "51c9cbb2",
  "configHash": "9705fecf",
  "lockfileHash": "45160245",
  "browserHash": "64c75f33",
  "optimized": {
    "@angular/cdk/bidi": {
      "src": "../../../../../../node_modules/@angular/cdk/fesm2022/bidi.mjs",
      "file": "@angular_cdk_bidi.js",
      "fileHash": "8435a076",
      "needsInterop": false
    },
    "@angular/cdk/scrolling": {
      "src": "../../../../../../node_modules/@angular/cdk/fesm2022/scrolling.mjs",
      "file": "@angular_cdk_scrolling.js",
      "fileHash": "f78bbc43",
      "needsInterop": false
    },
    "@angular/cdk/text-field": {
      "src": "../../../../../../node_modules/@angular/cdk/fesm2022/text-field.mjs",
      "file": "@angular_cdk_text-field.js",
      "fileHash": "4a948b66",
      "needsInterop": false
    },
    "@angular/common": {
      "src": "../../../../../../node_modules/@angular/common/fesm2022/common.mjs",
      "file": "@angular_common.js",
      "fileHash": "7c5b259b",
      "needsInterop": false
    },
    "@angular/core": {
      "src": "../../../../../../node_modules/@angular/core/fesm2022/core.mjs",
      "file": "@angular_core.js",
      "fileHash": "74baf708",
      "needsInterop": false
    },
    "@angular/forms": {
      "src": "../../../../../../node_modules/@angular/forms/fesm2022/forms.mjs",
      "file": "@angular_forms.js",
      "fileHash": "2a36b527",
      "needsInterop": false
    },
    "@angular/material/button": {
      "src": "../../../../../../node_modules/@angular/material/fesm2022/button.mjs",
      "file": "@angular_material_button.js",
      "fileHash": "ad43578b",
      "needsInterop": false
    },
    "@angular/material/input": {
      "src": "../../../../../../node_modules/@angular/material/fesm2022/input.mjs",
      "file": "@angular_material_input.js",
      "fileHash": "563259d3",
      "needsInterop": false
    },
    "@angular/material/select": {
      "src": "../../../../../../node_modules/@angular/material/fesm2022/select.mjs",
      "file": "@angular_material_select.js",
      "fileHash": "3c2817b1",
      "needsInterop": false
    },
    "@angular/platform-browser": {
      "src": "../../../../../../node_modules/@angular/platform-browser/fesm2022/platform-browser.mjs",
      "file": "@angular_platform-browser.js",
      "fileHash": "e8db38fb",
      "needsInterop": false
    },
    "@angular/router": {
      "src": "../../../../../../node_modules/@angular/router/fesm2022/router.mjs",
      "file": "@angular_router.js",
      "fileHash": "a5559841",
      "needsInterop": false
    },
    "zone.js": {
      "src": "../../../../../../node_modules/zone.js/fesm2015/zone.js",
      "file": "zone__js.js",
      "fileHash": "3ec11aac",
      "needsInterop": true
    }
  },
  "chunks": {
    "chunk-J72SII2Q": {
      "file": "chunk-J72SII2Q.js"
    },
    "chunk-3UNVNKBT": {
      "file": "chunk-3UNVNKBT.js"
    },
    "chunk-IKNCOMPA": {
      "file": "chunk-IKNCOMPA.js"
    },
    "chunk-E23Y4QAE": {
      "file": "chunk-E23Y4QAE.js"
    },
    "chunk-J2ZNR76J": {
      "file": "chunk-J2ZNR76J.js"
    },
    "chunk-EHZTS42R": {
      "file": "chunk-EHZTS42R.js"
    },
    "chunk-L6ZY273L": {
      "file": "chunk-L6ZY273L.js"
    },
    "chunk-EOFW2REK": {
      "file": "chunk-EOFW2REK.js"
    },
    "chunk-YGF53E3O": {
      "file": "chunk-YGF53E3O.js"
    },
    "chunk-SGUIQ5VZ": {
      "file": "chunk-SGUIQ5VZ.js"
    },
    "chunk-KKI6CTHF": {
      "file": "chunk-KKI6CTHF.js"
    },
    "chunk-NHUD7MCG": {
      "file": "chunk-NHUD7MCG.js"
    },
    "chunk-FB2GMVI6": {
      "file": "chunk-FB2GMVI6.js"
    },
    "chunk-WDMUDEB6": {
      "file": "chunk-WDMUDEB6.js"
    }
  }
}